Show Number	 Air Date	 Round	 Category	 Value	 Question	 Answer
4680	12/31/2004	Jeopardy!	HISTORY	$200 	For the last 8 years of his life, Galileo was under house arrest for espousing this man's theory	Copernicus
4680	12/31/2004	Jeopardy!	ESPN's TOP 10 ALL-TIME ATHLETES	$200 	No. 2: 1912 Olympian; football star at Carlisle Indian School; 6 MLB seasons with the Reds, Giants & Braves	Jim Thorpe
4680	12/31/2004	Jeopardy!	EVERYBODY TALKS ABOUT IT...	$200 	The city of Yuma in this state has a record average of 4,055 hours of sunshine each year	Arizona
4680	12/31/2004	Jeopardy!	THE COMPANY LINE	$200 	In 1963, live on "The Art Linkletter Show", this company served its billionth burger	McDonald's
4680	12/31/2004	Jeopardy!	EPITAPHS & TRIBUTES	$200 	Signer of the Dec. of Indep., framer of the Constitution of Mass., second President of the United States	John Adams
4680	12/31/2004	Jeopardy!	3-LETTER WORDS	$200 	In the title of an Aesop fable, this insect shared billing with a grasshopper	the ant
4680	12/31/2004	Jeopardy!	HISTORY	$400 	Built in 312 B.C. to link Rome & the South of Italy, it's still in use today	the Appian Way
4680	12/31/2004	Jeopardy!	ESPN's TOP 10 ALL-TIME ATHLETES	$400 	No. 8: 30 steals for the Birmingham Barons; 2,306 steals for the Bulls	Michael Jordan
4680	12/31/2004	Jeopardy!	EVERYBODY TALKS ABOUT IT...	$400 	In the winter of 1971-72, a record 1,122 inches of snow fell at Rainier Paradise Ranger Station in this state	Washington
4680	12/31/2004	Jeopardy!	THE COMPANY LINE	$400 	This housewares store was named for the packaging its merchandise came in & was first displayed on	Crate & Barrel
4680	12/31/2004	Jeopardy!	EPITAPHS & TRIBUTES	$400 	"And away we go"	Jackie Gleason
4680	12/31/2004	Jeopardy!	3-LETTER WORDS	$400 	Cows regurgitate this from the first stomach to the mouth & chew it again	the cud
4680	12/31/2004	Jeopardy!	HISTORY	$600 	In 1000 Rajaraja I of the Cholas battled to take this Indian Ocean island now known for its tea	Ceylon (or Sri Lanka)
4680	12/31/2004	Jeopardy!	ESPN's TOP 10 ALL-TIME ATHLETES	$600 	No. 1: Lettered in hoops, football & lacrosse at Syracuse & if you think he couldn't act, ask his 11 "unclean" buddies	Jim Brown
4680	12/31/2004	Jeopardy!	EVERYBODY TALKS ABOUT IT...	$600 	On June 28, 1994 the nat'l weather service began issuing this index that rates the intensity of the sun's radiation	the UV index
4680	12/31/2004	Jeopardy!	THE COMPANY LINE	$600 	This company's Accutron watch, introduced in 1960, had a guarantee of accuracy to within one minute a  month	Bulova
4680	12/31/2004	Jeopardy!	EPITAPHS & TRIBUTES	$600 	Outlaw: "Murdered by a traitor and a coward whose name is not worthy to appear here"	Jesse James
4680	12/31/2004	Jeopardy!	3-LETTER WORDS	$600 	A small demon, or a mischievous child (who might be a little demon!)	imp
4680	12/31/2004	Jeopardy!	HISTORY	$800 	Karl led the first of these Marxist organizational efforts; the second one began in 1889	the International
4680	12/31/2004	Jeopardy!	ESPN's TOP 10 ALL-TIME ATHLETES	$800 	No. 10: FB/LB for Columbia U. in the 1920s; MVP for the Yankees in '27 & '36; "Gibraltar in Cleats"	(Lou) Gehrig
4680	12/31/2004	Jeopardy!	EVERYBODY TALKS ABOUT IT...	$800 	Africa's lowest temperature was 11 degrees below zero in 1935 at Ifrane, just south of Fez in this country	Morocco
4680	12/31/2004	Jeopardy!	THE COMPANY LINE	$800 	Edward Teller & this man partnered in 1898 to sell high fashions to women	(Paul) Bonwit
4680	12/31/2004	Jeopardy!	EPITAPHS & TRIBUTES	$2,000 	1939 Oscar winner: "...you are a credit to your craft, your race and to your family"	Hattie McDaniel (for her role in Gone with the Wind)
4680	12/31/2004	Jeopardy!	3-LETTER WORDS	$800 	In geologic time one of these, shorter than an eon, is divided into periods & subdivided into epochs	era
4680	12/31/2004	Jeopardy!	HISTORY	$1,000 	This Asian political party was founded in 1885 with "Indian National" as part of its name	the Congress Party
4680	12/31/2004	Jeopardy!	ESPN's TOP 10 ALL-TIME ATHLETES	$1,000 	No. 5: Only center to lead the NBA in assists; track scholarship to Kansas U.; marathoner; volleyballer	(Wilt) Chamberlain
4680	12/31/2004	Jeopardy!	THE COMPANY LINE	$1,000 	The Kirschner brothers, Don & Bill, named this ski company for themselves & the second-highest mountain	K2
4680	12/31/2004	Jeopardy!	EPITAPHS & TRIBUTES	$1,000 	Revolutionary War hero: "His spirit is in Vermont now"	Ethan Allen
4680	12/31/2004	Jeopardy!	3-LETTER WORDS	$1,000 	A single layer of paper, or to perform one's craft diligently	ply
4680	12/31/2004	Double Jeopardy!	DR. SEUSS AT THE MULTIPLEX	$400 	<a href="http://www.j-archive.com/media/2004-12-31_DJ_23.mp3">Beyond ovoid abandonment, beyond ovoid betrayal... you won't believe the ending when he "Hatches the Egg"</a>	Horton
4680	12/31/2004	Double Jeopardy!	PRESIDENTIAL STATES OF BIRTH	$400 	California	Nixon
4680	12/31/2004	Double Jeopardy!	AIRLINE TRAVEL	$400 	It can be a place to leave your puppy when you take a trip, or a carrier for him that fits under an airplane seat	a kennel
4680	12/31/2004	Double Jeopardy!	THAT OLD-TIME RELIGION	$400 	He's considered the author of the Pentateuch, which is hard to believe, as Deuteronomy continues after his death	Moses
4680	12/31/2004	Double Jeopardy!	MUSICAL TRAINS	$400 	Steven Tyler of this band lent his steamin' vocals to "Train Kept A-Rollin'", first popularized by the Yardbirds	Aerosmith
4680	12/31/2004	Double Jeopardy!	"X"s & "O"s	$400 	Around 100 A.D. Tacitus wrote a book on how this art of persuasive speaking had declined since Cicero	oratory
4680	12/31/2004	Double Jeopardy!	PRESIDENTIAL STATES OF BIRTH	$800 	1 of the 2 born in Vermont	Coolidge (or Chester Arthur)
4680	12/31/2004	Double Jeopardy!	AIRLINE TRAVEL	$800 	When it began on Pan Am & Qantas in the late '70s, it was basically a roped-off part of the economy cabin with free drinks	business class
4680	12/31/2004	Double Jeopardy!	THAT OLD-TIME RELIGION	$800 	Ali, who married this man's daughter Fatima, is considered by Shia Muslims to be his true successor	Muhammed
4680	12/31/2004	Double Jeopardy!	MUSICAL TRAINS	$800 	During the 1954-1955 Sun sessions, Elvis climbed aboard this train "sixteen coaches long"	the "Mystery Train"
4680	12/31/2004	Double Jeopardy!	"X"s & "O"s	$800 	The shorter glass seen <a href="http://www.j-archive.com/media/2004-12-31_DJ_12.jpg" target="_blank">here</a>, or a quaint cocktail made with sugar & bitters	an old-fashioned
4680	12/31/2004	Double Jeopardy!	DR. SEUSS AT THE MULTIPLEX	$1,200 	<a href="http://www.j-archive.com/media/2004-12-31_DJ_26.mp3">Ripped from today's headlines, he was a turtle king gone mad; Mack was the one good turtle who'd bring him down</a>	Yertle
4680	12/31/2004	Double Jeopardy!	AIRLINE TRAVEL	$2,000 	In 2003 this airline agreed to buy KLM, creating Europe's largest airline	Air France
4680	12/31/2004	Double Jeopardy!	THAT OLD-TIME RELIGION	$1,200 	Philadelphia got its start as a colony for this religious group of which William Penn was a member	the Quakers
4680	12/31/2004	Double Jeopardy!	MUSICAL TRAINS	$1,200 	This "Modern Girl" first hit the Billboard Top 10 with "Morning Train (Nine To Five)"	(Sheena) Easton
4680	12/31/2004	Double Jeopardy!	"X"s & "O"s	$1,200 	This stiff silken fabric is favored for bridal gowns, like Christina Applegate's in 2001	organza
4680	12/31/2004	Double Jeopardy!	DR. SEUSS AT THE MULTIPLEX	$1,600 	<a href="http://www.j-archive.com/media/2004-12-31_DJ_25.mp3">Somewhere between truth & fiction lies Marco's reality... on Halloween, you won't believe you saw it on this St.</a>	Mulberry Street
4680	12/31/2004	Double Jeopardy!	AIRLINE TRAVEL	$1,600 	In 2004 United launched this new service that features low fares & more seats per plane	Ted
4680	12/31/2004	Double Jeopardy!	THAT OLD-TIME RELIGION	$1,600 	With Mary I's accession in 1553 he ran to Geneva; he returned in 1559 & reformed the Church of Scotland	(John) Knox
4680	12/31/2004	Double Jeopardy!	MUSICAL TRAINS	$1,600 	This band's "Train In Vain" was a hidden track on its original 1979 "London Calling" album	The Clash
4680	12/31/2004	Double Jeopardy!	"X"s & "O"s	$1,600 	Cross-country skiing is sometimes referred to by these 2 letters, the same ones used to denote 90 in Roman numerals	XC
4680	12/31/2004	Double Jeopardy!	DR. SEUSS AT THE MULTIPLEX	$2,000 	<a href="http://www.j-archive.com/media/2004-12-31_DJ_24.mp3">"500 Hats"... 500 ways to die.  On July 4th, this young boy will defy a king... & become a legend</a>	Bartholomew Cubbins
4680	12/31/2004	Double Jeopardy!	AIRLINE TRAVEL	$2,000 	In the seat pocket you'll find the catalog called "Sky" this, with must-haves like a solar-powered patio umbrella	Mall
4680	12/31/2004	Double Jeopardy!	THAT OLD-TIME RELIGION	$3,200 	In 1534 he & his buddy Francis Xavier founded the Society of Jesus	(St. Ignatius) Loyola
4680	12/31/2004	Double Jeopardy!	MUSICAL TRAINS	$2,000 	In 1961 James Brown announced "all aboard" for this train	"Night Train"
4680	12/31/2004	Double Jeopardy!	"X"s & "O"s	$2,000 	This 1797 imbroglio began when 3 French agents demanded a huge bribe from U.S. diplomats	the XYZ Affair
4680	12/31/2004	Final Jeopardy!	THE SOLAR SYSTEM	None	Objects that pass closer to the sun than Mercury have been named for this mythological figure	Icarus
5957	7/6/2010	Jeopardy!	GEOGRAPHY "E"	$200 	It's the largest kingdom in the United Kingdom	England
5957	7/6/2010	Jeopardy!	RADIO DISNEY	$200 	"Party In The U.S.A." is by this singer who also plays a young lady named Hannah	Miley Cyrus
5957	7/6/2010	Jeopardy!	PARTS OF PEACH	$200 	If this part of a peach is downy or fuzzy, the fruit's called a peach; if it's smooth, a nectarine	the skin
5957	7/6/2010	Jeopardy!	BE FRUITFUL & MULTIPLY	$200 	4 x 12	48
5957	7/6/2010	Jeopardy!	LET'S BOUNCE	$200 	This verb for bouncing a basketball sounds like you're slobbering	dribbling
5957	7/6/2010	Jeopardy!	RHYMES WITH SMART	$200 	Blood pumper	heart
5957	7/6/2010	Jeopardy!	GEOGRAPHY "E"	$400 	(<a href="http://www.j-archive.com/media/2010-07-06_J_22.wmv">Tate: I'm Tate Shaffer aboard the <i>National Geographic Endeavour</i>.  Alex: And...</a>)  We're here in the Galapagos Islands at zero degrees latitude, which means we're right above this imaginary line that goes all the way around the Earth	the equator
5957	7/6/2010	Jeopardy!	RADIO DISNEY	$400 	"Everybody Else" knows these huggable toys precede "On Fire" in the name of a Radio Disney top 30 band; do you?	Care Bears
5957	7/6/2010	Jeopardy!	PARTS OF PEACH	$400 	Peaches are more than 80% this compound	H2O
5957	7/6/2010	Jeopardy!	BE FRUITFUL & MULTIPLY	$400 	7 x 7 x 2	98
5957	7/6/2010	Jeopardy!	LET'S BOUNCE	$400 	Sound navigation& ranging is the full name for this device that bounces radio waves underwater	sonar
5957	7/6/2010	Jeopardy!	RHYMES WITH SMART	$400 	Small, slender missile thrown at a board in a game	a dart
5957	7/6/2010	Jeopardy!	GEOGRAPHY "E"	$600 	This island in the South Pacific is named for the day of its discovery, a religious holiday	Easter Island
5957	7/6/2010	Jeopardy!	RADIO DISNEY	$600 	"The songs on 'Under My Skin' are...deeper than those on 'Let Go'" said this Canadian on Radio Disney's website	Avril Lavigne
5957	7/6/2010	Jeopardy!	PARTS OF PEACH	$600 	5-letter word for the hard interior of a peach	the stone
5957	7/6/2010	Jeopardy!	BE FRUITFUL & MULTIPLY	$600 	3 x 4 x 5 x 6	360
5957	7/6/2010	Jeopardy!	LET'S BOUNCE	$600 	In this kid's game, you bounce a small rubber ball while picking up 6-pronged metal objects	jacks
5957	7/6/2010	Jeopardy!	RHYMES WITH SMART	$600 	It can be a separating line in your hair or a role in a play	a part
5957	7/6/2010	Jeopardy!	GEOGRAPHY "E"	$800 	Parts of the Arabian and Libyan deserts are found in this African country	Egypt
5957	7/6/2010	Jeopardy!	RADIO DISNEY	$800 	"I Never Told You" this alliteratively named singer hit Disney's Top 30 with "Fallin' For You"; wait, I just did	Colbie Caillat
5957	7/6/2010	Jeopardy!	PARTS OF PEACH	$800 	These parts of a peach tree are glossy green, pointed & lance shaped	leaves
5957	7/6/2010	Jeopardy!	BE FRUITFUL & MULTIPLY	$800 	5 x 10 x 15	750
5957	7/6/2010	Jeopardy!	LET'S BOUNCE	$800 	It's a type of bounce house, or a dance made famous by Michael Jackson	the moonwalk
5957	7/6/2010	Jeopardy!	RHYMES WITH SMART	$800 	A graphic representation of information	a chart
5957	7/6/2010	Jeopardy!	GEOGRAPHY "E"	$2,000 	The family history you wrote for school might include entering the U.S. at this island in New York Bay	Ellis Island
5957	7/6/2010	Jeopardy!	RADIO DISNEY	$1,000 	Lead singer Ryan Tedder of this band has "All The Right Moves"	OneRepublic
5957	7/6/2010	Jeopardy!	PARTS OF PEACH	$1,000 	These parts of a peach tree grow at nodes along the shoots of the previous season's growth; they're usually pink	blossoms
5957	7/6/2010	Jeopardy!	BE FRUITFUL & MULTIPLY	$1,000 	2 x 1,035	2,070
5957	7/6/2010	Jeopardy!	LET'S BOUNCE	$1,000 	This device whose name is from the Italian for "springboard" was perfected in the 1930s	a trampoline
5957	7/6/2010	Jeopardy!	RHYMES WITH SMART	$1,000 	Composer Wolfgang	Mozart
5957	7/6/2010	Double Jeopardy!	SCIENCE CLASS	$400 	99.95% of the mass of an atom is in this part	the nucleus
5957	7/6/2010	Double Jeopardy!	KIDS IN SPORTS	$400 	Park View of Chula Vista, California beat Taipei 6-3 to win this organization's 2009 World Series	the Little League
5957	7/6/2010	Double Jeopardy!	JUST THE FACTS	$400 	This hero of several books is 11 when he discovers he's a wizard	Harry Potter
5957	7/6/2010	Double Jeopardy!	SEE & SAY	$400 	Say the name of <a href="http://www.j-archive.com/media/2010-07-06_DJ_26.jpg" target="_blank">this</a> type of mollusk you see	an octopus
5957	7/6/2010	Double Jeopardy!	NEWS TO ME	$400 	A 7.0 magnitude earthquake in this Caribbean country Jan. 12, 2010 brought a world outpouring of aid	Haiti
5957	7/6/2010	Double Jeopardy!	IN THE DICTIONARY	$400 	It's the 4-letter name of the pleated skirt worn by men in Scotland	a kilt
5957	7/6/2010	Double Jeopardy!	SCIENCE CLASS	$800 	During this plant process, carbon dioxide & water combine with light energy to create oxygen & glucose	photosynthesis
5957	7/6/2010	Double Jeopardy!	KIDS IN SPORTS	$800 	The perfect waves of New Zealand's Piha Beach were the site for the 2010 World Junior Championships of this	surfing
5957	7/6/2010	Double Jeopardy!	JUST THE FACTS	$800 	This city, the seat of Clark County, Nevada, has been called "the entertainment capital of the world"	Las Vegas
5957	7/6/2010	Double Jeopardy!	SEE & SAY	$800 	Say <a href="http://www.j-archive.com/media/2010-07-06_DJ_27.jpg" target="_blank">this</a> state that was admitted to the Union in 1859	Oregon
5957	7/6/2010	Double Jeopardy!	NEWS TO ME	$800 	This car company has been in the news for widespread recalls of its Corollas & other models	Toyota
5957	7/6/2010	Double Jeopardy!	IN THE DICTIONARY	$800 	As an adjective, it can mean proper; as a verb, "to grade papers"	correct
5957	7/6/2010	Double Jeopardy!	SCIENCE CLASS	$1,200 	The wedge is an adaptation of the simple machine called the inclined this	plane
5957	7/6/2010	Double Jeopardy!	KIDS IN SPORTS	$1,200 	With a mighty leap of 5'1", David Mosely set the U.S. 10 & under record in this event back in 1977	the high jump
5957	7/6/2010	Double Jeopardy!	JUST THE FACTS	$1,200 	<a href="http://www.j-archive.com/media/2010-07-06_DJ_14.jpg" target="_blank">This dog breed seen here</a> is a loyal and protective companion	a German Shepherd
5957	7/6/2010	Double Jeopardy!	SEE & SAY	$1,200 	Say the name of <a href="http://www.j-archive.com/media/2010-07-06_DJ_28.jpg" target="_blank">this</a> bug; don't worry, it doesn't breathe fire	the dragonfly
5957	7/6/2010	Double Jeopardy!	NEWS TO ME	$1,200 	(<a href="http://www.j-archive.com/media/2010-07-06_DJ_21.wmv">Jimmy of the Clue Crew demonstrates, putting his arm over his mouth.</a>) To avoid spreading germs & maybe flu, we learned the sneeze named for this character made famous in an 1897 book	Dracula
5957	7/6/2010	Double Jeopardy!	IN THE DICTIONARY	$1,200 	Maize is another word for this	corn
5957	7/6/2010	Double Jeopardy!	SCIENCE CLASS	$5,000 	Of the 6 noble gases on the periodic table, it is the lightest	helium
5957	7/6/2010	Double Jeopardy!	KIDS IN SPORTS	$1,600 	11-year-old Ashlyn White won a 2009 U.S. youth title in this martial art in which you try to throw your opponent	judo
5957	7/6/2010	Double Jeopardy!	JUST THE FACTS	$1,600 	In 1751 the Penn Provincial Assembly placed the order for this symbol of freedom, now in Philadelphia	the Liberty Bell
5957	7/6/2010	Double Jeopardy!	SEE & SAY	$1,600 	Say the name of <a href="http://www.j-archive.com/media/2010-07-06_DJ_29.jpg" target="_blank">these</a> big trees; it has a color in it	redwood
5957	7/6/2010	Double Jeopardy!	NEWS TO ME	$1,600 	In a surprise, Ted Kennedy's old Senate seat in this state went to a Republican in a January 2010 election	Massachusetts
5957	7/6/2010	Double Jeopardy!	IN THE DICTIONARY	$5,000 	This word for someone who walks comes from the Latin for "foot"	pedestrian
5957	7/6/2010	Double Jeopardy!	SCIENCE CLASS	$2,000 	Lava & igneous rock are formed from this hot liquid rock material found under the earth's crust	magma
5957	7/6/2010	Double Jeopardy!	KIDS IN SPORTS	$2,000 	This sport has an under-17 World Cup every 2 years; Haris Seferovic starred for the 2009 champion Switzerland	soccer
5957	7/6/2010	Double Jeopardy!	JUST THE FACTS	$2,000 	He's the older son of Prince Charles and the late Princess Diana	Prince William
5957	7/6/2010	Double Jeopardy!	SEE & SAY	$2,000 	Say the name of <a href="http://www.j-archive.com/media/2010-07-06_DJ_30.jpg" target="_blank">this</a> man you see shaking hands with the Premier of China	Ronald Reagan
5957	7/6/2010	Double Jeopardy!	NEWS TO ME	$2,000 	Falcon Heene, who it turned out was safe at home, not flying over Colorado, became known as this "boy"	the balloon boy
5957	7/6/2010	Double Jeopardy!	IN THE DICTIONARY	$2,000 	Kayak is an example of this, a word that reads the same forwards & backwards	a palindrome
5957	7/6/2010	Final Jeopardy!	HISTORIC WOMEN	None	She was born in Virginia around 1596 & died in Kent, England in 1617	Pocahontas
3751	12/18/2000	Jeopardy!	ROYAL FEMALE NICKNAMES	$100 	Prime Minister Tony Blair dubbed her "The People's Princess"	Princess Diana
3751	12/18/2000	Jeopardy!	TV ACTORS & ROLES	$100 	Once Tommy Mullaney on "L.A. Law", John Spencer now plays White House chief of staff Leo McGarry on this series	The West Wing
3751	12/18/2000	Jeopardy!	TRAVEL & TOURISM	$100 	The Cinderella Castle Mystery Tour is a highlight of this Asian city's Disneyland	Tokyo
3751	12/18/2000	Jeopardy!	"I" LADS	$100 	This punk rock hitmaker heard here has had numerous hits on both sides of the Atlantic	Billy Idol
3751	12/18/2000	Jeopardy!	FOREWORDS	$100 	"Conrad begins (and ends) Marlow's journey... on the Thames, on the yawl, Nellie", says the foreword to this novel	Heart of Darkness
3751	12/18/2000	Jeopardy!	BACKWORDS	$100 	We'll look smart in these vehicles that returned to London in 1999	Trams (smart)
3751	12/18/2000	Jeopardy!	ROYAL FEMALE NICKNAMES	$200 	She was "The Untamed Heifer" & "The Virgin Queen"	Elizabeth I
3751	12/18/2000	Jeopardy!	TV ACTORS & ROLES	$200 	Barbra Streisand knows he played Lt. Col. Bill "Raider" Kelly on "Pensacola: Wings of Gold"	James Brolin
3751	12/18/2000	Jeopardy!	TRAVEL & TOURISM	$200 	The home of silk merchant Jim Thompson, who disappeared in 1967, is a tourist attraction in this Thai city	Bangkok
3751	12/18/2000	Jeopardy!	"I" LADS	$200 	Czar at 17, he was famous for extraordinary sadism & cruelty, even as a boy	Ivan the Terrible
3751	12/18/2000	Jeopardy!	FOREWORDS	$200 	Part 2 "is Lilliput in reverse, but...also offers some of" his "fiercest assaults upon the behavior of" his countrymen	Jonathan Swift
3751	12/18/2000	Jeopardy!	BACKWORDS	$200 	Ed leaves pools of water on the carpet when he comes in from sailing this boat	Sloop (pools)
3751	12/18/2000	Jeopardy!	ROYAL FEMALE NICKNAMES	$300 	Mark Antony called her "The Queen of Queens"	Cleopatra
3751	12/18/2000	Jeopardy!	TV ACTORS & ROLES	$300 	(Hi, I'm Wallace Langham)  I played Don Kirshner in VH1's TV movie about this quartet who sang "Daydream Believer"	The Monkees
3751	12/18/2000	Jeopardy!	TRAVEL & TOURISM	$300 	We're not stringing you along: this capital of the Czech Republic is famous for its puppet theatres	Prague
3751	12/18/2000	Jeopardy!	"I" LADS	$300 	Nudge, nudge, wink, wink!  This man seen here starred on a classic British comedy show	Eric Idle
3751	12/18/2000	Jeopardy!	FOREWORDS	$300 	She said that her husband Frank O'Connor was the fuel that kept her spirited while she wrote "The Fountainhead"	Ayn Rand
3751	12/18/2000	Jeopardy!	BACKWORDS	$300 	You'd be naive to think you can make bottled water that's more popular than this	Evian (naive)
3751	12/18/2000	Jeopardy!	ROYAL FEMALE NICKNAMES	$400 	The 19th century's "Widow of Windsor"	Queen Victoria
3751	12/18/2000	Jeopardy!	TV ACTORS & ROLES	$400 	Teri Hatcher looked "shipshape" as one of the singing "mermaids" who jumped on board this cruisin' series in 1985	The Love Boat
3751	12/18/2000	Jeopardy!	TRAVEL & TOURISM	$500 	Jomo Kenyatta International Airport serves this world capital	Nairobi, Kenya
3751	12/18/2000	Jeopardy!	"I" LADS	$400 	His is the first & longest book of the Bible's major prophets	Isaiah
3751	12/18/2000	Jeopardy!	FOREWORDS	$400 	One edition calls this Darwin opus one of "the most readable and approachable" of revolutionary scientific works	The Origin of Species
3751	12/18/2000	Jeopardy!	BACKWORDS	$400 	Aye, lass, I'll wed thee ere this has dried on the fields	Dew (wed)
3751	12/18/2000	Jeopardy!	ROYAL FEMALE NICKNAMES	$500 	"The Catholic" of 15th century Spain	Queen Isabella
3751	12/18/2000	Jeopardy!	TV ACTORS & ROLES	$500 	On "Saturday Night Live", he's famous for playing Craig the Cheerleader, Janet Reno & moi	Will Ferrell
3751	12/18/2000	Jeopardy!	TRAVEL & TOURISM	$500 	Andrea Palladio's 1554 book on "The Antiquities of" this city was the standard guidebook for some 200 years	Rome
3751	12/18/2000	Jeopardy!	"I" LADS	$500 	This auto exec's autobiography is one of the bestselling nonfiction works in publishing history	Lee Iacocca
3751	12/18/2000	Jeopardy!	BACKWORDS	$500 	You know so much about policy, you qualify as this	Wonk (know)
3751	12/18/2000	Double Jeopardy!	PEOPLE IN HISTORY	$200 	After a 15-year stay in England, this proprietor of Pennsylvania returned to his colony in 1699	William Penn
3751	12/18/2000	Double Jeopardy!	CINEMATIC DICTIONARY	$200 	SFX is the standard abbreviation for these, from the rustling of trees to cannon fire	Sound effects
3751	12/18/2000	Double Jeopardy!	IT'S OURS!	$200 	Saint-Pierre & Miquelon	France
3751	12/18/2000	Double Jeopardy!	BRITISH FASHION	$200 	Designer Vivienne Westwood ran a shop with Malcolm McLaren, who launched this Johnny Rotten band	The Sex Pistols
3751	12/18/2000	Double Jeopardy!	ANDY WARHOL	$200 	Because he had the same thing for lunch every day for 20 years, Andy Warhol painted these, beginning in 1962	Campbell's Soup cans
3751	12/18/2000	Double Jeopardy!	THEATRE CROSSWORD CLUES "M"	$200 	Lerner & Loewe's "Lusty Month" (3)	May
3751	12/18/2000	Double Jeopardy!	PEOPLE IN HISTORY	$400 	This young man put his savings into a small Cleveland refinery in 1862 & eventually had an oil monopoly	John D. Rockefeller
3751	12/18/2000	Double Jeopardy!	CINEMATIC DICTIONARY	$400 	Term for the flow of a film, maintained by keeping details consistent throughout a scene	Continuity
3751	12/18/2000	Double Jeopardy!	IT'S OURS!	$400 	Montserrat	Great Britain (United Kingdom)
3751	12/18/2000	Double Jeopardy!	BRITISH FASHION	$400 	Star designer John Galliano was born Juan Carlos Galliano in this British possession at the tip of Spain	Gibraltar
3751	12/18/2000	Double Jeopardy!	ANDY WARHOL	$400 	Warhol went against his Capitalist tendencies with his portrait of this man, seen here	Mao Tse-tung
3751	12/18/2000	Double Jeopardy!	THEATRE CROSSWORD CLUES "M"	$400 	Patrick Dennis' "Auntie" (4)	Mame
3751	12/18/2000	Double Jeopardy!	PEOPLE IN HISTORY	$600 	First Lady Helen Taft led a fund-raising drive for a memorial to this 1912 marine disaster	Sinking of the Titanic
3751	12/18/2000	Double Jeopardy!	CINEMATIC DICTIONARY	$600 	Garland Jeffreys sang of having star-studded "dreams" of this size, like movie film	35mm
3751	12/18/2000	Double Jeopardy!	IT'S OURS!	$600 	Cook Islands	New Zealand
3751	12/18/2000	Double Jeopardy!	BRITISH FASHION	$600 	Katharine Hamnett created the '80s T-shirt telling us to "choose" this	Life
3751	12/18/2000	Double Jeopardy!	ANDY WARHOL	$600 	Andy's "15 minutes of fame" quote was once the motto of this magazine	Interview
3751	12/18/2000	Double Jeopardy!	THEATRE CROSSWORD CLUES "M"	$600 	It "Becomes Electra" (8)	Mourning
3751	12/18/2000	Double Jeopardy!	PEOPLE IN HISTORY	$800 	This Chiricahua Apache was a popular attraction at the 1904 World's Fair in St. Louis	Geronimo
3751	12/18/2000	Double Jeopardy!	CINEMATIC DICTIONARY	$1,000 	The inventors of this camera-stabilizing device won a special 1977 Oscar	Steadicam
3751	12/18/2000	Double Jeopardy!	IT'S OURS!	$800 	Madeira Islands	Portugal
3751	12/18/2000	Double Jeopardy!	ANDY WARHOL	$2,000 	Andy's loft on East 47th Street got this nickname from its former use & Andy's mass-production techniques	The Factory
3751	12/18/2000	Double Jeopardy!	THEATRE CROSSWORD CLUES "M"	$800 	Colchian jilted by Jason (5)	Medea
3751	12/18/2000	Double Jeopardy!	PEOPLE IN HISTORY	$1,000 	In 1801 this onetime VP compiled "A Manual of Parliamentary Practice" still used in the U.S. Senate	Thomas Jefferson
3751	12/18/2000	Double Jeopardy!	CINEMATIC DICTIONARY	$1,000 	Near the end of the credits comes the "cutter" of this, the exposed but unfinished film	Negative cutter
3751	12/18/2000	Double Jeopardy!	IT'S OURS!	$1,000 	Northern Mariana Islands	USA
3751	12/18/2000	Double Jeopardy!	ANDY WARHOL	$1,000 	Warhol became the manager of this Lou Reed rock group in 1965 & produced their first album	Velvet Underground
3751	12/18/2000	Double Jeopardy!	THEATRE CROSSWORD CLUES "M"	$1,000 	Faust's fiendish foe (14)	Mephistopheles
3751	12/18/2000	Final Jeopardy!	SPORTS LEGENDS	None	If Joe DiMaggio's hitting streak had gone one more game in 1941, this company would have given him a $10,000 contract	H.J. Heinz (Heinz 57 Varieties)
3673	7/19/2000	Jeopardy!	GENERAL SCIENCE	$100 	This white, glossy coating on your teeth is the hardest substance in the human body	Enamel
3673	7/19/2000	Jeopardy!	GETTING POSSESSIVE	$100 	This bovine took the rap for the disastrous fire of October 8, 1871	Mrs. O'Leary's cow
3673	7/19/2000	Jeopardy!	FLAGS OF THE WORLD	$100 	It's the kingdom whose flag is seen here (Union Jack)	Great Britain/England
3673	7/19/2000	Jeopardy!	ARCHITECTS	$100 	Minoru Yamasaki reached new heights with this New York City complex	World Trade Center
3673	7/19/2000	Jeopardy!	1994 FILMS	$100 	Quentin Tarantino directed this film & also had a bit role as Jimmy of Toluca Lake	Pulp Fiction
3673	7/19/2000	Jeopardy!	THE EYES HAVE IT	$100 	A student, or a minor in Roman law	Pupil
3673	7/19/2000	Jeopardy!	GENERAL SCIENCE	$200 	The time it takes for 50% of the atoms to decay in a radioactive substance is called this	Half-life
3673	7/19/2000	Jeopardy!	GETTING POSSESSIVE	$200 	At 14,140 feet, this Rocky Mountain peak discovered in 1806 is one of Colorado's highest	Pike's Peak
3673	7/19/2000	Jeopardy!	FLAGS OF THE WORLD	$200 	Seen here is the flag of this nation (the home of Bollywood)	India
3673	7/19/2000	Jeopardy!	ARCHITECTS	$200 	William Pereira erected his Transamerica "Pyramid" in this city	San Francisco
3673	7/19/2000	Jeopardy!	1994 FILMS	$200 	As mad bomber Howard Payne in this film, Dennis Hopper planted a bomb on an L.A. area transit bus	Speed
3673	7/19/2000	Jeopardy!	THE EYES HAVE IT	$200 	A blow with a whip	Lash
3673	7/19/2000	Jeopardy!	GENERAL SCIENCE	$300 	While compounds of this element are added to table salt, in its pure form it's quite poisonous	Iodine
3673	7/19/2000	Jeopardy!	GETTING POSSESSIVE	$300 	While one creation slept, God took this to make Eve	Adam's rib
3673	7/19/2000	Jeopardy!	FLAGS OF THE WORLD	$300 	Andy Garcia is a native of this country whose flag is seen here	Cuba
3673	7/19/2000	Jeopardy!	ARCHITECTS	$300 	Charles Bulfinch, who contributed to the Capitol in Washington, D.C., designed this city's state house on Beacon Hill	Boston
3673	7/19/2000	Jeopardy!	1994 FILMS	$300 	Jean Vander Pyl, who played Wilma in the original cartoon series, played Mrs. Feldspar in this movie adaptation	The Flintstones
3673	7/19/2000	Jeopardy!	THE EYES HAVE IT	$300 	A hollow area that holds a light bulb	Socket
3673	7/19/2000	Jeopardy!	GENERAL SCIENCE	$400 	The "super" class of these stars, the largest known, includes Antares & Betelgeuse	Red giants
3673	7/19/2000	Jeopardy!	GETTING POSSESSIVE	$400 	You'll find this triangular island about 4 miles off the southeast coast of Massachusetts	Martha's Vineyard
3673	7/19/2000	Jeopardy!	FLAGS OF THE WORLD	$400 	In the 1990s, this nation whose flag is seen here moved its seat of government to a different city	Germany
3673	7/19/2000	Jeopardy!	ARCHITECTS	$400 	Dallas-Fort Worth Airport architect Gyo Obata helped design this Smithsonian museum	Air & Space Museum
3673	7/19/2000	Jeopardy!	1994 FILMS	$400 	Containing the hit "Can You Feel The Love Tonight", it was Disney's first animated feature not based on an existing story	The Lion King
3673	7/19/2000	Jeopardy!	THE EYES HAVE IT	$400 	Flower seen here (that fits the category)	Iris
3673	7/19/2000	Jeopardy!	GENERAL SCIENCE	$500 	On the pH scale, a pH of 7 indicates this type of solution	Neutral
3673	7/19/2000	Jeopardy!	GETTING POSSESSIVE	$500 	In Exodus, this was thrown down before Pharaoh at Moses' instruction	Aaron's rod (turned into a snake)
3673	7/19/2000	Jeopardy!	FLAGS OF THE WORLD	$500 	This Mediterranean country whose flag is seen here is "The Word"	Greece
3673	7/19/2000	Jeopardy!	ARCHITECTS	$500 	Louis Skidmore designed the secret atomic site that became this Tennessee town	Oak Ridge
3673	7/19/2000	Jeopardy!	1994 FILMS	$800 	In this film Martin Scorsese says the TV audience wants "To  watch the money"	Quiz Show
3673	7/19/2000	Jeopardy!	THE EYES HAVE IT	$500 	People say these are what you need to make it in Hollywood	Contacts
3673	7/19/2000	Double Jeopardy!	ALASKA	$200 	4 different species of bears live in Alaska:  Kodiak, grizzly, black & this	Polar bears
3673	7/19/2000	Double Jeopardy!	INTERNATIONAL SPORTSMEN	$200 	Nike's stock fell when this basketball player announced his retirement in January 1999	Michael Jordan
3673	7/19/2000	Double Jeopardy!	DRAMA QUEENS	$200 	In Euripides' play about this famed beauty, it's her double who goes to Troy	Helen
3673	7/19/2000	Double Jeopardy!	ANGELS	$200 	In 1996 John Travolta spread his wings as this archangel	Michael
3673	7/19/2000	Double Jeopardy!	IN EXILE	$200 	Porfirio Diaz seized power in this country in 1876, ruled for 35 years, fled in 1911 & died in exile	Mexico
3673	7/19/2000	Double Jeopardy!	THE "I"s HAVE IT	$200 	This term for a fluid can also mean "to sign" as a contract	Ink
3673	7/19/2000	Double Jeopardy!	ALASKA	$400 	Tony Knowles is pulling in $81,648 per annum in this job	Governor
3673	7/19/2000	Double Jeopardy!	INTERNATIONAL SPORTSMEN	$400 	Ronaldo Luiz Nazario de Lima began playing this sport for Brazil's national team at age 17	Soccer
3673	7/19/2000	Double Jeopardy!	DRAMA QUEENS	$400 	In a Shaw play, Caesar finds her hiding on a Sphinx	Cleopatra
3673	7/19/2000	Double Jeopardy!	ANGELS	$400 	In Book III of "Paradise Lost", the angels play these, which are "golden" & "ever-tuned"	harps
3673	7/19/2000	Double Jeopardy!	IN EXILE	$400 	In 1462 this printer known for movable type had to move out of Mainz	Johannes Gutenberg
3673	7/19/2000	Double Jeopardy!	THE "I"s HAVE IT	$400 	Style of the 1877 painting seen here	Impressionism
3673	7/19/2000	Double Jeopardy!	ALASKA	$600 	This second-largest Alaskan city wasn't named for an actor	Fairbanks
3673	7/19/2000	Double Jeopardy!	INTERNATIONAL SPORTSMEN	$600 	Vladimir Samsonov is touted as Europe's only hope against China in this game	Ping-pong
3673	7/19/2000	Double Jeopardy!	DRAMA QUEENS	$600 	A 1952 play covered the young life of this queen, like a 1998 Cate Blanchett film	Elizabeth I
3673	7/19/2000	Double Jeopardy!	ANGELS	$600 	ABBA sang about these & Curtis Lee sang about "Pretty Little" these	Angel Eyes
3673	7/19/2000	Double Jeopardy!	IN EXILE	$600 	Exiled for manslaughter, Eric the Red was forced to leave this country around 981	Iceland
3673	7/19/2000	Double Jeopardy!	THE "I"s HAVE IT	$600 	Arabic for "son of", it comes before names like Saud	Ibn
3673	7/19/2000	Double Jeopardy!	ALASKA	$800 	One of the 3 mottos that have been featured on regular Alaskan license plates	"The Last Frontier", "The Great Land", or "North to the Future"
3673	7/19/2000	Double Jeopardy!	INTERNATIONAL SPORTSMEN	$800 	The Times of London estimates this chess player is taking home $20 mil. a year; that's some check, mate!	Garry Kasparov
3673	7/19/2000	Double Jeopardy!	DRAMA QUEENS	$1,500 	In 1935 & '36 Helen Hayes reigned for 517 Broadway performances as this queen who reigned for 63 years	Victoria
3673	7/19/2000	Double Jeopardy!	ANGELS	$800 	Group whose feast day is October 2, or a group founded in 1979 by Curtis Sliwa	Guardian Angels
3673	7/19/2000	Double Jeopardy!	IN EXILE	$800 	David Ben-Gurion went to the U.S. in 1915 when this empire exiled Zionists from Palestine	Ottoman Empire
3673	7/19/2000	Double Jeopardy!	THE "I"s HAVE IT	$800 	From the Latin for "to overhang", it means "likely to happen at any moment"	Imminent
3673	7/19/2000	Double Jeopardy!	ALASKA	$1,000 	The mainland peninsula closest to Russia is named for this man	William Seward
3673	7/19/2000	Double Jeopardy!	INTERNATIONAL SPORTSMEN	$1,000 	New Zealand-born Jonah Lamu is tops on the pitch of this sport	Rugby
3673	7/19/2000	Double Jeopardy!	DRAMA QUEENS	$1,000 	The queen in Marlowe's "Edward II" is named this, like a famous queen of Spain	Isabella
3673	7/19/2000	Double Jeopardy!	ANGELS	$1,000 	With an appropriate-sounding name, John Dye plays the angel of this on "Touched By An Angel"	Angel of Death
3673	7/19/2000	Double Jeopardy!	IN EXILE	$1,000 	Moshoeshoe II was exiled twice before regaining this southern African country's throne in 1995	Lesotho
3673	7/19/2000	Double Jeopardy!	THE "I"s HAVE IT	$1,000 	Some scientists believe that the universe is undergoing expansion called this, also an economic term	Inflation
3673	7/19/2000	Final Jeopardy!	THE MAP OF EUROPE	None	Bordering Italy, Austria, Hungary & Croatia, it's one of the world's newest independent countries	Slovenia
4931	2/6/2006	Jeopardy!	THE CIVIL WAR	$200 	His first act after being sworn in as president of the Confederacy was to send a peace commission to Washington, D.C.	Jefferson Davis
4931	2/6/2006	Jeopardy!	CELEBS	$200 	On Sept. 14, 2005 she gave birth to Sean Preston Federline	Britney Spears
4931	2/6/2006	Jeopardy!	WHAT'S IN A NAME?	$200 	Yeah, baby!  Meaning "magnificent", this Texas-sounding name comes with certain "Powers"	Austin
4931	2/6/2006	Jeopardy!	EMOTICONS	$200 	;-) Ocular act that sends a signal	winking
4931	2/6/2006	Jeopardy!	FLAG 'EM DOWN	$200 	The Alamo is located in this city & is depicted on its flag	San Antonio
4931	2/6/2006	Jeopardy!	"TEEN" SCENE	$200 	Numerically speaking, read up on "Fun Stuff", "Fashion", "Health" & "Stars" at this magazine.com	seventeen.com
4931	2/6/2006	Jeopardy!	THE CIVIL WAR	$400 	Tired of eating mule jerky, Vicksburg fell in July 1863 after a 6-week one of these military tactics	a siege
4931	2/6/2006	Jeopardy!	CELEBS	$400 	The TV show "Everybody Hates Chris" is based on the childhood of this comic	Chris Rock
4931	2/6/2006	Jeopardy!	WHAT'S IN A NAME?	$400 	This name shared by great & terrible rulers is a Russian variation of John	Ivan
4931	2/6/2006	Jeopardy!	EMOTICONS	$400 	:-$ It's where this emoticon tells you to "put your money"	where your mouth is
4931	2/6/2006	Jeopardy!	FLAG 'EM DOWN	$400 	This descriptive nickname of the U.S. flag was coined by Francis Scott Key	the Star-Spangled Banner
4931	2/6/2006	Jeopardy!	"TEEN" SCENE	$400 	If you're triskaidekaphobic, you're afraid of this number, & not just on a Friday	thirteen
4931	2/6/2006	Jeopardy!	THE CIVIL WAR	$600 	Robert E. Lee saved this capital from capture with his June 1862 attack on McClellan's forces	Richmond
4931	2/6/2006	Jeopardy!	CELEBS	$600 	He auditioned for & won the part of Ron Weasley with a rap that he wrote	Rupert Grint
4931	2/6/2006	Jeopardy!	WHAT'S IN A NAME?	$600 	This feminine form of Rex is from the Latin for "queen"	Regina
4931	2/6/2006	Jeopardy!	EMOTICONS	$600 	:-* Gene Simmons might accept one of these from any pretty woman	a kiss
4931	2/6/2006	Jeopardy!	FLAG 'EM DOWN	$600 	The 2 colors found on all 3 national flags of the U.S., Mexico & Canada	red & white
4931	2/6/2006	Jeopardy!	"TEEN" SCENE	$600 	A holder for liquid, or a military base's general store	a canteen
4931	2/6/2006	Jeopardy!	THE CIVIL WAR	$800 	In Feb. 2005 a reenactment was staged for this 140th anniversary of this fort's reoccupation by Union troops	Fort Sumter
4931	2/6/2006	Jeopardy!	CELEBS	$800 	Her 18th birthday party was "A Cinderella Story" with 300 guests & red velvet cake	Hilary Duff
4931	2/6/2006	Jeopardy!	WHAT'S IN A NAME?	$1,200 	This Welsh form of Margaret was among the USA's top 10 girls' names of the 1990s	Megan
4931	2/6/2006	Jeopardy!	EMOTICONS	$800 	=|:-)= This is an extension of the initials U.S.	Uncle Sam
4931	2/6/2006	Jeopardy!	FLAG 'EM DOWN	$800 	The <a href="http://www.j-archive.com/media/2006-02-06_J_29.jpg" target="_blank">flag</a> of this U.S. possession is almost the same as the flag of Cuba	Puerto Rico
4931	2/6/2006	Jeopardy!	"TEEN" SCENE	$800 	Golfing "hole" with a bar (where you can't go), or the amendment granting women's suffrage	19th
4931	2/6/2006	Jeopardy!	THE CIVIL WAR	$1,000 	On Sept. 2, 1864 this general sent a wire saying, "Atlanta is ours, and fairly won"	Sherman
4931	2/6/2006	Jeopardy!	CELEBS	$1,000 	"You Stand Watching" this "Shine On" singer	Ryan Cabrera
4931	2/6/2006	Jeopardy!	WHAT'S IN A NAME?	$1,000 	Previously attached to Theo- & Isa-, it became popular by itself after appearing in "David Copperfield"	Dora
4931	2/6/2006	Jeopardy!	EMOTICONS	$1,000 	:-b.. Doing this means either you're hungry or you're a pig	drooling
4931	2/6/2006	Jeopardy!	FLAG 'EM DOWN	$1,000 	The first 50-star U.S. flag was officially raised on July 4 of this year	1960
4931	2/6/2006	Jeopardy!	"TEEN" SCENE	$1,000 	Number of lines in Shakespeare's poem that starts "Shall I compare thee to a summer's day?"	14
4931	2/6/2006	Double Jeopardy!	NOT A CURRENT NATIONAL CAPITAL	$400 	Ljubljana, Bratislava, Barcelona	Barcelona
4931	2/6/2006	Double Jeopardy!	U.S. WINTER OLYMPIANS	$400 	Mike Eruzione of Winthrop, Mass. was captain of the miraculous 1980 Olympic team in this sport	hockey
4931	2/6/2006	Double Jeopardy!	SCIENCE	$400 	At sea level at 70 degrees this travels 1,129 feet per second; it speeds up over 1 foot per sec. for each rising degree	sound
4931	2/6/2006	Double Jeopardy!	WORDS OF THE WRITER	$400 	"I beheld the wretch--the miserable monster whom I had created"	Mary Shelley
4931	2/6/2006	Double Jeopardy!	AT THE MALL	$400 	Found "just what I needed" at this "City", an electronics store	Circuit City
4931	2/6/2006	Double Jeopardy!	FROM THE GREEK	$400 	The name of this color comes from the Greek word porphyra	purple
4931	2/6/2006	Double Jeopardy!	NOT A CURRENT NATIONAL CAPITAL	$800 	Istanbul, Ottawa, Amman	Istanbul
4931	2/6/2006	Double Jeopardy!	U.S. WINTER OLYMPIANS	$800 	(<a href="http://www.j-archive.com/media/2006-02-06_DJ_23.jpg" target="_blank">Jimmy of the Clue Crew puts some lines on the ice in the Olympic Oval rink at Park City, UT.</a>)  In 1998, <a href="http://www.j-archive.com/media/2006-02-06_DJ_23a.jpg" target="_blank">this U.S. skater</a> was 2nd at Nagano; in 2002, she was 3rd here in Utah	Michelle Kwan
4931	2/6/2006	Double Jeopardy!	SCIENCE	$800 	The largest tree, the General Sherman in California, is this type, also called a Sierra Redwood	a sequoia
4931	2/6/2006	Double Jeopardy!	WORDS OF THE WRITER	$800 	"Take thy beak from out my heart, and take thy form from off my door!"	Edgar Allan Poe
4931	2/6/2006	Double Jeopardy!	AT THE MALL	$800 	SKX is the stock symbol for this manufacturer of sporty shoes	Skechers
4931	2/6/2006	Double Jeopardy!	FROM THE GREEK	$1,000 	A bowl-shaped depression, as from the impact of a meteorite, it's from the Greek for "mixing bowl"	crater
4931	2/6/2006	Double Jeopardy!	NOT A CURRENT NATIONAL CAPITAL	$1,200 	Sofia, Sarajevo, Saigon	Saigon
4931	2/6/2006	Double Jeopardy!	U.S. WINTER OLYMPIANS	$1,200 	Life has its ups & downs for Travis Mayer, a 2002 medalist in the event named for these little hills on the slopes	moguls
4931	2/6/2006	Double Jeopardy!	SCIENCE	$1,200 	(<a href="http://www.j-archive.com/media/2006-02-06_DJ_13.jpg" target="_blank">Sarah of the Clue Crew reads from the pole vault at Duke University's track in Durham, NC.</a>)  In bending an elastic solid, stress is the force causing deformation & this is the 6-letter term for <a href="http://www.j-archive.com/media/2006-02-06_DJ_13a.jpg" target="_blank">the deformation</a>	strain
4931	2/6/2006	Double Jeopardy!	WORDS OF THE WRITER	$1,500 	"'Do all lawyers defend n-negroes, Atticus?'  'Of course they do, Scout'"	Harper Lee
4931	2/6/2006	Double Jeopardy!	AT THE MALL	$1,200 	This "Urban" store is the parent company of Anthropologie	Urban Outfitters
4931	2/6/2006	Double Jeopardy!	FROM THE GREEK	$1,200 	From the Greek for "false name", it's a fictitious name used by an author	a pseudonym
4931	2/6/2006	Double Jeopardy!	NOT A CURRENT NATIONAL CAPITAL	$1,600 	Bucharest, Bonn, Bern	Bonn
4931	2/6/2006	Double Jeopardy!	U.S. WINTER OLYMPIANS	$1,600 	In 2002 Vonetta Flowers & Jill Bakken won gold in the 2-woman version of this high-speed sport	the bobsled
4931	2/6/2006	Double Jeopardy!	SCIENCE	$1,600 	6 elements once known as inert gases are now known by this aristocratic name	noble gases
4931	2/6/2006	Double Jeopardy!	WORDS OF THE WRITER	$1,600 	"For never man had a more faithful, loving, sincere servant, than Friday was to me"	Daniel Defoe
4931	2/6/2006	Double Jeopardy!	AT THE MALL	$1,600 	This bookstore chain is named for its "edgy" founders, brothers Tom & Louis	Borders
4931	2/6/2006	Double Jeopardy!	FROM THE GREEK	$1,600 	(<a href="http://www.j-archive.com/media/2006-02-06_DJ_04.jpg" target="_blank">Jon of the Clue Crew paddles his kayak.</a>)  Kayak is an example of this type of reversible word from the Greek for "running back again"	a palindrome
4931	2/6/2006	Double Jeopardy!	NOT A CURRENT NATIONAL CAPITAL	$2,000 	Belize City, Guatemala City, Panama City	Belize City
4931	2/6/2006	Double Jeopardy!	U.S. WINTER OLYMPIANS	$2,000 	His "Bode" of work includes 2 Alpine skiing silver medals in 2002	Bode Miller
4931	2/6/2006	Double Jeopardy!	SCIENCE	$2,000 	(<a href="http://www.j-archive.com/media/2006-02-06_DJ_15.wmv">A honey-colored retriever named Max tries to lick Cheryl of the Clue Crew as she pets him at NC State University in Raleigh, NC.</a>)  Veterinarians refer to this area of an animal's body as the posterior or this region, from the Latin for "the tail"	the caudal region
4931	2/6/2006	Double Jeopardy!	WORDS OF THE WRITER	$2,000 	"'...Why look'st thou so?'--'With my crossbow I shot the albatross'"	Samuel Taylor Coleridge
4931	2/6/2006	Double Jeopardy!	AT THE MALL	$2,000 	The name of this clothing store for teens is French for "airmail"	AÃ©ropostale
4931	2/6/2006	Double Jeopardy!	FROM THE GREEK	$2,000 	It's an outline of the contents of a course or curriculum	a syllabus
4931	2/6/2006	Final Jeopardy!	FAMOUS SHIPS	None	On December 27, 1831 it departed Plymouth, England to map the coastline of South America	the HMS Beagle
5690	5/8/2009	Jeopardy!	OLD FOLKS IN THEIR 30s	$200 	goop.com is a lifestyles website from this Oscar-winning actress; the g & p represent her initials	Gwyneth Paltrow
5690	5/8/2009	Jeopardy!	MOVIES & TV	$200 	On March 19, 2009 he said, "I'm excited and honored to introduce my first guest... Barack Obama"	Jay Leno
5690	5/8/2009	Jeopardy!	A STATE OF COLLEGE-NESS	$200 	Baylor, Stephen F. Austin, Rice	Texas
5690	5/8/2009	Jeopardy!	ANIMAL COLLECTIVE	$200 	Synonym for dignity that's the term for a group of lions	a pride
5690	5/8/2009	Jeopardy!	I'D RATHER BE SKIING	$200 	If you're a beginner, you might hippity-hop over to this smaller, gentler slope	a bunny hill
5690	5/8/2009	Jeopardy!	PARLEZ VOUS?	$200 	If your mate from Marseilles says he's getting to LAX via "Sud-Ouest", pick him up at this carrier	Southwest
5690	5/8/2009	Jeopardy!	OLD FOLKS IN THEIR 30s	$400 	In 2008 David Gregory became moderator of this NBC Sunday morning news show	Meet the Press
5690	5/8/2009	Jeopardy!	MOVIES & TV	$400 	Time magazine said this 2003 Pixar film was "the ultimate fish-out-of-water story"	Finding Nemo
5690	5/8/2009	Jeopardy!	A STATE OF COLLEGE-NESS	$400 	Antioch, Bowling Green, Kent State	Ohio
5690	5/8/2009	Jeopardy!	ANIMAL COLLECTIVE	$400 	Like peas, whales & seals are in groups called these	pods
5690	5/8/2009	Jeopardy!	I'D RATHER BE SKIING	$400 	Something you'd sprinkle on after a shower, it's also the term for soft, dry, freshly fallen snow	powder
5690	5/8/2009	Jeopardy!	PARLEZ VOUS?	$400 	Duck, duck, l'oie; (l'oie of course referring to this other feathered friend)	a goose
5690	5/8/2009	Jeopardy!	OLD FOLKS IN THEIR 30s	$600 	Linus Torvalds is the father of this operating system used on cell phones & supercomputers	Linux
5690	5/8/2009	Jeopardy!	MOVIES & TV	$600 	Of his dialogue, this Han Solo actor said, "You can type this (stuff), George, but you sure can't say it"	Harrison Ford
5690	5/8/2009	Jeopardy!	A STATE OF COLLEGE-NESS	$600 	DePaul, Wheaton, Northwestern	Illinois
5690	5/8/2009	Jeopardy!	ANIMAL COLLECTIVE	$600 	A crash is a group of these large horned mammals	rhinoceroses
5690	5/8/2009	Jeopardy!	I'D RATHER BE SKIING	$600 	In California, a premier spot for skiing is this resort area that shares its name with a prehistoric elephant	Mammoth
5690	5/8/2009	Jeopardy!	PARLEZ VOUS?	$600 	"Je ne sais pas" means this, but you still get credit if you phrase it in the form of a question	"I don't know"
5690	5/8/2009	Jeopardy!	OLD FOLKS IN THEIR 30s	$800 	The district of conservative rep. Patrick McHenry in this state includes Mooresville, a home of NASCAR	North Carolina
5690	5/8/2009	Jeopardy!	MOVIES & TV	$800 	Tim Robbins played a public TV newsman in "Anchorman: The Legend of" him	Ron Burgundy
5690	5/8/2009	Jeopardy!	A STATE OF COLLEGE-NESS	$800 	Wayne State, Kalamazoo College, Madonna University (it's Franciscan Catholic, not Material Girl)	Michigan
5690	5/8/2009	Jeopardy!	ANIMAL COLLECTIVE	$800 	It can be a pack of dogs, or a place to board them	a kennel
5690	5/8/2009	Jeopardy!	I'D RATHER BE SKIING	$1,200 	In this type of race you have to zigzag between flags or other obstacles in proper order	a slalom
5690	5/8/2009	Jeopardy!	PARLEZ VOUS?	$800 	When mom tells you to do something "Maintenant!", she means this	now
5690	5/8/2009	Jeopardy!	OLD FOLKS IN THEIR 30s	$1,000 	Elon Musk is now making rockets & electric cars; before that he co-founded & sold this electronic payment system	PayPal
5690	5/8/2009	Jeopardy!	MOVIES & TV	$1,000 	We were frakkin' sad when this sci fi show had its series finale on March 20, 2009	Battlestar Galactica
5690	5/8/2009	Jeopardy!	A STATE OF COLLEGE-NESS	$1,000 	Grambling, McNeese State, Southern	Louisiana
5690	5/8/2009	Jeopardy!	ANIMAL COLLECTIVE	$1,000 	A flock of these black birds is called a murder	crows
5690	5/8/2009	Jeopardy!	I'D RATHER BE SKIING	$1,000 	Bumps or mounds of snow that accumulate on a slope are called these, like some very wealthy & powerful people	moguls
5690	5/8/2009	Jeopardy!	PARLEZ VOUS?	$1,000 	"Huitieme" is French for this ordinal number	eighth
5690	5/8/2009	Double Jeopardy!	AMERICAN AUTHORS	$400 	Her home Orchard House was the model for whre the March family lived in her most famous novel	Louisa May Alcott
5690	5/8/2009	Double Jeopardy!	ALBUMS THAT ROCK	$400 	"X&Y", "Parachutes"	Coldplay
5690	5/8/2009	Double Jeopardy!	ANATOMY	$400 	This cord that connects a fetus to the placenta contains 2 arteries & 1 vein	the umbillical cord
5690	5/8/2009	Double Jeopardy!	MATHEM-ATTACK!	$400 	Che Guevara probably knew the political-sounding term for the root symbol seen <a href="http://www.j-archive.com/media/2009-05-08_DJ_26.jpg" target="_blank">here</a>	radical
5690	5/8/2009	Double Jeopardy!	NAME THE DECADE	$400 	The World Wide Web gets its first page	the 1990s
5690	5/8/2009	Double Jeopardy!	WORD ORIGINS	$400 	This adjective meaning deceptive or sneaky is from the Latin de via, meaning "out of the way"	devious
5690	5/8/2009	Double Jeopardy!	AMERICAN AUTHORS	$800 	During the War Of 1812, this "Rip Van Winkle" author wrote biographies of Naval commanders	Washington Irving
5690	5/8/2009	Double Jeopardy!	ALBUMS THAT ROCK	$800 	"American Idiot", "Dookie"	Green Day
5690	5/8/2009	Double Jeopardy!	ANATOMY	$800 	The human body has 3 types of these: skeletal, smooth & cardiac, a combination of skeletal & smooth	muscles
5690	5/8/2009	Double Jeopardy!	MATHEM-ATTACK!	$800 	You should answer this one automatically: It's the property that says a = a	reflexive
5690	5/8/2009	Double Jeopardy!	NAME THE DECADE	$800 	The first controlled nuclear chain reaction	the 1940s
5690	5/8/2009	Double Jeopardy!	WORD ORIGINS	$800 	This New York island's name may come from the Algonquian word for "island"	Manhattan
5690	5/8/2009	Double Jeopardy!	AMERICAN AUTHORS	$1,200 	Susan & Benjamin Cheever, children of this short story master, are both authors as well	John Cheever
5690	5/8/2009	Double Jeopardy!	ALBUMS THAT ROCK	$1,200 	"Master of Puppets", "Death Magnetic"	Metallica
5690	5/8/2009	Double Jeopardy!	ANATOMY	$1,200 	The talus fits between the ends of these 2 bones forming the ankle joint	the tibia & fibula
5690	5/8/2009	Double Jeopardy!	MATHEM-ATTACK!	$1,200 	(<a href="http://www.j-archive.com/media/2009-05-08_DJ_28.jpg" target="_blank">Kelly of the Clue Crew shows an array of numbers enclosed in brackets on the monitor.</a>)  A set of numbers in rows and columns can be used in many ways--for example, to encrypt a code or create 3-D computer graphics; the set shares this name with a 1999 film	a matrix
5690	5/8/2009	Double Jeopardy!	NAME THE DECADE	$1,200 	Khruschev's "Secret Speech" denounces Stalin	the 1950s
5690	5/8/2009	Double Jeopardy!	WORD ORIGINS	$4,800 	This compass direction may come from the Proto-Germanic for "to the left of the rising sun"	north
5690	5/8/2009	Double Jeopardy!	AMERICAN AUTHORS	$1,600 	He stood 5'3" & was the subject of movies that came out in 2005 & 2006	(Truman) Capote
5690	5/8/2009	Double Jeopardy!	ALBUMS THAT ROCK	$1,600 	"In Your Honor", "The Color and the Shape"	Foo Fighters
5690	5/8/2009	Double Jeopardy!	ANATOMY	$1,600 	Humans have 33 vertebrae, 7 of them cervical, meaning they are in this part of the body	your neck
5690	5/8/2009	Double Jeopardy!	MATHEM-ATTACK!	$1,600 	The symbol <i>i</i> is used to represent the imaginary square root of this number	-1
5690	5/8/2009	Double Jeopardy!	NAME THE DECADE	$1,800 	George Orwell, 34 years dead, hits the bestseller list	the 1980s
5690	5/8/2009	Double Jeopardy!	WORD ORIGINS	$1,600 	From the Latin for "much writing", it's another name for a lie detector test	a polygraph
5690	5/8/2009	Double Jeopardy!	AMERICAN AUTHORS	$2,000 	He reviewed films & TV for the New Republic before his first book, "Goodbye, Columbus", was published in 1959	Philip Roth
5690	5/8/2009	Double Jeopardy!	ALBUMS THAT ROCK	$2,000 	"Beggars Banquet", "Steel Wheels"	the Rolling Stones
5690	5/8/2009	Double Jeopardy!	ANATOMY	$2,000 	The pons connects the 2 hemispheres of this part of the brain that regulates balance	the cerebellum
5690	5/8/2009	Double Jeopardy!	MATHEM-ATTACK!	$2,000 	(<a href="http://www.j-archive.com/media/2009-05-08_DJ_30.jpg" target="_blank">Jimmy of the Clue Crew shows a geometric diagram on the monitor.</a>)  Half the base times the height gives the area of a triangle; for a <a href="http://www.j-archive.com/media/2009-05-08_DJ_30a.jpg" target="_blank">cylinder</a>, the area of the base times the height gives this measurement	volume
5690	5/8/2009	Double Jeopardy!	NAME THE DECADE	$2,000 	Man first reaches the South Pole	the 1910s
5690	5/8/2009	Double Jeopardy!	WORD ORIGINS	$2,000 	A type of ear implant to help the deaf, it's from the Greek for "snail"	cochlear
5690	5/8/2009	Final Jeopardy!	EUROPEAN HISTORY	None	He filed for divorce citing Leviticus 20:21, "If a man shall take his brother's wife, it is an unclean thing"	Henry VIII
2825	12/6/1996	Jeopardy!	AMERICAN EXPLORERS	$100 	Edward Beale brought news of this 1848 discovery in California to the east coast	gold
2825	12/6/1996	Jeopardy!	MEASURING DEVICES	$100 	The amount of this in a solution can be measured by a saccharometer	sugar
2825	12/6/1996	Jeopardy!	MYTHOLOGY	$100 	Daedalus used this substance to fasten the wings to his back	wax
2825	12/6/1996	Jeopardy!	TELEVISION	$100 	This Sunday night series is subtitled "The New Adventures of Superman"	Lois & Clark
2825	12/6/1996	Jeopardy!	ANNUAL EVENTS	$100 	This state's Days of '47 Festival honors the day Brigham Young reached the Salt Lake Valley in 1847	Utah
2825	12/6/1996	Jeopardy!	HOMOPHONIC PAIRS	$100 	A complete donut center	whole hole
2825	12/6/1996	Jeopardy!	AMERICAN EXPLORERS	$200 	Stephen Long & Zebulon Pike have peaks named for them in this state, an area they said was uninhabitable	Colorado
2825	12/6/1996	Jeopardy!	MEASURING DEVICES	$200 	The energy from this is measured by a pyrheliometer	the Sun
2825	12/6/1996	Jeopardy!	MYTHOLOGY	$200 	Cadmus planted these parts of a dragon to raise some troops	teeth
2825	12/6/1996	Jeopardy!	TELEVISION	$200 	"Freddy's Nightmares", a horror anthology that debuted in 1988, was based on this movie series	Nightmare on Elm Street
2825	12/6/1996	Jeopardy!	ANNUAL EVENTS	$200 	Monroe, near Snohomish in this state, is the site of the annual Evergreen State Fair	Washington
2825	12/6/1996	Jeopardy!	HOMOPHONIC PAIRS	$200 	In a restaurant, it's a quartet's table request	for four
2825	12/6/1996	Jeopardy!	AMERICAN EXPLORERS	$300 	Co-commanders of the 1st U.S. expedition to explore from Mississippi to the west coast	Lewis & Clark
2825	12/6/1996	Jeopardy!	MEASURING DEVICES	$300 	An odometer measures the distance covered by a vehicle & this device measures how far you've walked	a pedometer
2825	12/6/1996	Jeopardy!	MYTHOLOGY	$300 	The sister of Orestes, mourning became her	Electra
2825	12/6/1996	Jeopardy!	TELEVISION	$300 	This crime drama with Robert Wagner & Stefanie Powers was created by Sidney Sheldon	Hart to Hart
2825	12/6/1996	Jeopardy!	ANNUAL EVENTS	$300 	Dog lovers look forward to the Westminster Kennel Club dog show, held each February in this city	New York City
2825	12/6/1996	Jeopardy!	HOMOPHONIC PAIRS	$300 	Contented performing kittens might be paid this way	per purr
2825	12/6/1996	Jeopardy!	AMERICAN EXPLORERS	$400 	Jedediah Smith was a mountain man & explorer employed in this industry	fur trading
2825	12/6/1996	Jeopardy!	MEASURING DEVICES	$400 	A spirometer measures the capacity of these organs	the lungs
2825	12/6/1996	Jeopardy!	MYTHOLOGY	$400 	Zeus' father, Cronus, was one of this group of 12	Titans
2825	12/6/1996	Jeopardy!	TELEVISION	$600 	Character seen <a href="http://www.j-archive.com/media/1996-12-06_J_04.wmv">here</a>, his action-packed journeys are legendary:	Hercules (Kevin Sorbo)
2825	12/6/1996	Jeopardy!	ANNUAL EVENTS	$400 	The Pendleton Roundup, an annual rodeo, takes place in Pendleton in this northwestern state	Oregon
2825	12/6/1996	Jeopardy!	HOMOPHONIC PAIRS	$400 	A squash that's been pierced by a bull's horn	gored gourd
2825	12/6/1996	Jeopardy!	AMERICAN EXPLORERS	$500 	Senator Thomas Hart Benton's son-in-law was this "Pathfinder"	John C. FrÃ©mont
2825	12/6/1996	Jeopardy!	MEASURING DEVICES	$500 	A nilometer measures the height of the water in this	the Nile River
2825	12/6/1996	Jeopardy!	MYTHOLOGY	$500 	Leda laid 2 eggs:  one with Helen & Pollux in it, the other containing Clytemnestra & him	Castor
2825	12/6/1996	Jeopardy!	TELEVISION	$500 	Jack Wagner, formerly of "General Hospital", now plays Dr. Peter Burns on this Fox drama	Melrose Place
2825	12/6/1996	Jeopardy!	ANNUAL EVENTS	$500 	The Tanglewood Music Festival is a summer highlight in Lenox in this New England state	Massachusetts
2825	12/6/1996	Jeopardy!	HOMOPHONIC PAIRS	$500 	Remained sedate	stayed staid
2825	12/6/1996	Double Jeopardy!	NOTABLE NONHUMANS	$200 	This Nazi dictator sometimes dined alone with Blondi, his Alsatian	Adolf Hitler
2825	12/6/1996	Double Jeopardy!	WORLD FACTS	$200 	This isthmus connects North & South America	Isthmus of Panama
2825	12/6/1996	Double Jeopardy!	ART & ARTISTS	$200 	He painted "Irises" & "Pink Roses" as well as "Sunflowers"	Vincent Van Gogh
2825	12/6/1996	Double Jeopardy!	BUSINESS & INDUSTRY	$200 	It has over 9,700 tax preparation offices worldwide	H&R Block
2825	12/6/1996	Double Jeopardy!	HISTORY	$200 	Historians refer to the Golden Age as the time during which Pericles ruled this city	Athens
2825	12/6/1996	Double Jeopardy!	POETS	$200 	On Feb. 12, 1959, the 150th anniversary of Lincoln's birth, he addressed a joint session of Congress	Carl Sandburg
2825	12/6/1996	Double Jeopardy!	NOTABLE NONHUMANS	$400 	In 1964 he lifted his beagles Him & Her by the ears on the White House lawn, provoking protest	Lyndon Johnson
2825	12/6/1996	Double Jeopardy!	WORLD FACTS	$400 	A humid city, Rio de Janeiro lies just north of this tropic line	the Tropic of Capricorn
2825	12/6/1996	Double Jeopardy!	ART & ARTISTS	$400 	This drip artist was born in Cody, Wyoming in 1912	Jackson Pollock
2825	12/6/1996	Double Jeopardy!	BUSINESS & INDUSTRY	$400 	In 1961 this firm introduced its Selectric typewriter, which used a spherical typing element	IBM
2825	12/6/1996	Double Jeopardy!	HISTORY	$400 	Under the 1814 Treaty of Kiel, this country gave Norway to Sweden but kept Greenland & other islands	Denmark
2825	12/6/1996	Double Jeopardy!	POETS	$400 	Between 1842 & 1885, he repeatedly revised his "Idylls of the King"	Alfred Lord Tennyson
2825	12/6/1996	Double Jeopardy!	NOTABLE NONHUMANS	$600 	Colo was the first of these great apes born in captivity, in 1956 at the Columbus Zoo	Gorilla
2825	12/6/1996	Double Jeopardy!	WORLD FACTS	$600 	The lowest river in the world, it's revered by Jews, Christians & Muslims alike	The River Jordan
2825	12/6/1996	Double Jeopardy!	ART & ARTISTS	$600 	He spent several summers painting pointillist seascapes including "Le Bec Du Hoc, Grandcamp"	Georges Seurat
2825	12/6/1996	Double Jeopardy!	BUSINESS & INDUSTRY	$600 	In 1934 he plugged Bulova "Lone Eagle" watches	Charles Lindbergh
2825	12/6/1996	Double Jeopardy!	HISTORY	$600 	In February 1904 this country attacked the Russian fleet at Port Arthur	Japan
2825	12/6/1996	Double Jeopardy!	POETS	$600 	For much of the winter of 1794-95, he served as acting supervisor for Dumfries, Scotland	Robert Burns
2825	12/6/1996	Double Jeopardy!	NOTABLE NONHUMANS	$800 	In 1945 this famous scottie was injured in a fight with Blaze, Elliott Roosevelt's mastiff	Fala
2825	12/6/1996	Double Jeopardy!	WORLD FACTS	$1,100 	Discovered by David Livingstone, Botswana's Lake Ngami lies in the northern part of this desert	Kalahari Desert
2825	12/6/1996	Double Jeopardy!	ART & ARTISTS	$800 	His sculpture, "The Age of Bronze", exhibited in 1877, was inspired by Michelangelo	Auguste Rodin
2825	12/6/1996	Double Jeopardy!	BUSINESS & INDUSTRY	$800 	Only Philip Morris & this Cincinnati-based firm have yearly ad expenditures exceeding $2 billion	Procter & Gamble
2825	12/6/1996	Double Jeopardy!	HISTORY	$800 	On May 30, 1967 Colonel Ojukwu declared Biafra's independence from this country, starting a civil war	Nigeria
2825	12/6/1996	Double Jeopardy!	POETS	$800 	Her "I Heard a Fly Buzz" may have been based on a chapter in "The House of the Seven Gables"	Emily Dickinson
2825	12/6/1996	Double Jeopardy!	NOTABLE NONHUMANS	$1,000 	This favorite horse of Alexander the Great sometimes wore golden horns in battle	Bucephalus
2825	12/6/1996	Double Jeopardy!	WORLD FACTS	$1,000 	In area this country whose capital is now called Yangon is the largest in mainland southeast Asia	Myanmar (Burma)
2825	12/6/1996	Double Jeopardy!	ART & ARTISTS	$1,000 	You can see this British sculptor's "Reclining Mother and Child" at the Walker Art Center in Minneapolis	Henry Moore
2825	12/6/1996	Double Jeopardy!	BUSINESS & INDUSTRY	$600 	In 1811 this German family began its steel-making business by constructing a plant in Essen	Krupp
2825	12/6/1996	Double Jeopardy!	HISTORY	$1,000 	In the midst of the Korean War, this South Korean president was elected to his second of 4 terms	Syngman Rhee
2825	12/6/1996	Double Jeopardy!	POETS	$1,000 	He once wrote, "I choose to be a plain New Hampshire farmer"	Robert Frost
2825	12/6/1996	Final Jeopardy!	BRITISH NOVELS	None	This 1895 novel is subtitled "An Invention"	The Time Machine
6037	12/7/2010	Jeopardy!	LOST IN SPACE	$200 	While making repairs on the Intl. Space Station, Scott Parazynski lost a needle-nose pair of these	pliers
6037	12/7/2010	Jeopardy!	TIMELESS TV	$200 	September 2010 brought the 45th edition of this comedian's telethon	Jerry Lewis
6037	12/7/2010	Jeopardy!	LET'S HIT IT	$200 	Hit this paper mache container, Spanish for "jug", if you want candy and small gifts	pinata
6037	12/7/2010	Jeopardy!	WORLD BOOK DESCRIBES THE "G" MAN	$200 	"In 1997, the House (of Reps.) voted to reprimand him... It marked the first time the House had reprimanded a Speaker"	Gingrich
6037	12/7/2010	Jeopardy!	MONEY SLANG	$200 	We'll give you $200, not $1,000, for this five letter word meaning stately or majestic	grand
6037	12/7/2010	Jeopardy!	RVs	$200 	(<a href="http://www.j-archive.com/media/2010-12-07_J_26.jpg" target="_blank">Jimmy of the Clue Crew reports from the RV/MH Hall of Fame in Elkhart, IN.</a>)  The GMC Motorhome from the '60s & 70s was among the first models to have this innovation that helps with traction by putting the weight over the <a href="http://www.j-archive.com/media/2010-12-07_J_26a.jpg" target="_blank">wheels</a> that do the work	front-wheel drive
6037	12/7/2010	Jeopardy!	LOST IN SPACE	$400 	In its years of operation, this Soviet space station released more than 200 objects (mostly trash) into space	Mir
6037	12/7/2010	Jeopardy!	TIMELESS TV	$400 	Originally a half hour, this soap started in 1963 & featured Nurse Jessie Brewer	General Hospital
6037	12/7/2010	Jeopardy!	LET'S HIT IT	$400 	This word seen on doors is what a right-handed batter does when he hits the ball to left field	pull
6037	12/7/2010	Jeopardy!	WORLD BOOK DESCRIBES THE "G" MAN	$400 	"See Simon, Paul"	(Art) Garfunkel
6037	12/7/2010	Jeopardy!	MONEY SLANG	$400 	Proverbially, you can "break" this food, or "take (it) out of someone's mouth"; earn some dough	bread
6037	12/7/2010	Jeopardy!	RVs	$400 	(<a href="http://www.j-archive.com/media/2010-12-07_J_27.jpg" target="_blank">Jimmy of the Clue Crew reports from the RV/MH Hall of Fame in Elkhart, IN.</a>)  I'm behind the wheel of the <a href="http://www.j-archive.com/media/2010-12-07_J_27a.jpg" target="_blank">very first motor home</a>, from the company whose name has become a synonym for "motor home"; since 1967, they've sold over 400,000 of them	Winnebago
6037	12/7/2010	Jeopardy!	LOST IN SPACE	$600 	Ed White, the first U.S. spacewalker, lost one of these outside Gemini 4; he must've looked like a later "moonwalker"	a glove
6037	12/7/2010	Jeopardy!	TIMELESS TV	$600 	In 1948 Douglas Edwards became the first anchor of this network's Evening News	CBS
6037	12/7/2010	Jeopardy!	LET'S HIT IT	$600 	Aaron Fechter invented this carnival game where you hit a mammal with a mallet	Whack-A-Mole
6037	12/7/2010	Jeopardy!	WORLD BOOK DESCRIBES THE "G" MAN	$600 	"American poet... became known as a leader of the Beat literary movement of the 1950s"	(Allen) Ginsberg
6037	12/7/2010	Jeopardy!	MONEY SLANG	$2,200 	The shell of this mollusk is composed chiefly of calcium carbonate	a clam
6037	12/7/2010	Jeopardy!	RVs	$600 	(<a href="http://www.j-archive.com/media/2010-12-07_J_28.jpg" target="_blank">Kelly of the Clue Crew reports from the RV/MH Hall of Fame in Elkhart, IN.</a>)  One of the first times a movie star received a <a href="http://www.j-archive.com/media/2010-12-07_J_28a.jpg" target="_blank">fancy trailer</a> as a perk was in 1931; Paramount gave a <a href="http://www.j-archive.com/media/2010-12-07_J_28b.jpg" target="_blank">Chevy house car</a> to <a href="http://www.j-archive.com/media/2010-12-07_J_28c.jpg" target="_blank"> this</a> sexy star as she left the stage to make movies like "She Done Him Wrong"	Mae West
6037	12/7/2010	Jeopardy!	LOST IN SPACE	$800 	Piers Sellers lost a tool in space while spreading putty into this Space Shuttle named for Capt. Cook's ship	Discovery
6037	12/7/2010	Jeopardy!	TIMELESS TV	$800 	Shown Saturday afternoons on ABC, this sport's tour outdrew college football & moved to ESPN in 1997	the pro bowling tour
6037	12/7/2010	Jeopardy!	LET'S HIT IT	$800 	Everlast makes these that come in speed and heavy varieties	punching bags
6037	12/7/2010	Jeopardy!	WORLD BOOK DESCRIBES THE "G" MAN	$800 	"Served under the Apache leaders Cochise and Mangas Coloradas... in 1894, he was moved to Fort Sill	Geronimo
6037	12/7/2010	Jeopardy!	MONEY SLANG	$800 	You don't get 5 guesses at this winglike appendage to the underwater portion of a hull	a fin
6037	12/7/2010	Jeopardy!	LOST IN SPACE	$1,000 	In 1992 Space Shuttle astronauts delivered ashes of this "Star Trek" creator into the final frontier	Gene Roddenberry
6037	12/7/2010	Jeopardy!	TIMELESS TV	$1,000 	2010's "When Love Is Not Enough" was the 240th presentation in this series from a greeting card company	Hallmark Hall of Fame
6037	12/7/2010	Jeopardy!	LET'S HIT IT	$1,000 	In some casinos, a blackjack dealer must hit with an ace & a 6, known as this type of 17	soft
6037	12/7/2010	Jeopardy!	WORLD BOOK DESCRIBES THE "G" MAN	$1,000 	"One of the most original and provocative American architects working today"	(Frank) Gehry
6037	12/7/2010	Jeopardy!	MONEY SLANG	$1,000 	When speaking of Messrs. Netanyahu or Britten, it's all about the first name, pluralized	the Benjamins
6037	12/7/2010	Double Jeopardy!	PLAY HEROINES	$400 	Blanche DuBois	A Streetcar Named Desire
6037	12/7/2010	Double Jeopardy!	DEFENESTRATION IN CINEMA	$400 	Giving the devil his due, Fr. Karras invites the devil inside himself, then exits from the second floor in this 1973 movie	The Exorcist
6037	12/7/2010	Double Jeopardy!	A MASSIVE "M"ETROPOLIS	$400 	3.6 million: Down Under	Melbourne
6037	12/7/2010	Double Jeopardy!	TAINTED GOV	$400 	In 2010 this Illinois governor was tried on corruption charges, but convicted on only 1 count	Blagojevich
6037	12/7/2010	Double Jeopardy!	MEDICINE	$400 	As Franklin D. Roosevelt's blood pressure was 300/190, he suffered from this 1-word condition	hypertension
6037	12/7/2010	Double Jeopardy!	4 CONSONANTS IN A ROW	$400 	If you're vertical but supported by your palms, you're doing one of these	a handstand
6037	12/7/2010	Double Jeopardy!	PLAY HEROINES	$800 	Emily Webb of Grover's Corners	Our Town
6037	12/7/2010	Double Jeopardy!	DEFENESTRATION IN CINEMA	$800 	In this Bruce Willis movie, the villain goes out the window of the Nakatomi building, gun in hand	Die Hard
6037	12/7/2010	Double Jeopardy!	A MASSIVE "M"ETROPOLIS	$800 	11 million: on Luzon Island	Manila
6037	12/7/2010	Double Jeopardy!	TAINTED GOV	$800 	In 2006 this Illinois governor was busted for racketeering; what's in the water there?	George Ryan
6037	12/7/2010	Double Jeopardy!	MEDICINE	$800 	In 1905 German scientist Alfred Einhorn created this first injectable local anesthetic used in dentistry	novocaine
6037	12/7/2010	Double Jeopardy!	4 CONSONANTS IN A ROW	$800 	A caterpillar that moves by contraction & expansion	an inchworm
6037	12/7/2010	Double Jeopardy!	DEFENESTRATION IN CINEMA	$1,200 	Movie in which Axel Foley asks, "where ...you get off arresting me for being thrown out a window?"	Beverly Hills Cop
6037	12/7/2010	Double Jeopardy!	A MASSIVE "M"ETROPOLIS	$1,200 	1.1 million: in the heart of the Po River Valley	Milan
6037	12/7/2010	Double Jeopardy!	TAINTED GOV	$1,200 	In 2010 it was revealed that Robert Rizzo made $800,000 a year as the city this of Bell, Calif., population 37,000	manager
6037	12/7/2010	Double Jeopardy!	MEDICINE	$1,200 	Micro-Trach is an oxygen delivery system developed by this physician known for his "maneuver"	(Henry) Heimlich
6037	12/7/2010	Double Jeopardy!	4 CONSONANTS IN A ROW	$3,400 	A loop found on footwear, it's a symbol of success through one's own efforts	a bootstrap
6037	12/7/2010	Double Jeopardy!	A MASSIVE "M"ETROPOLIS	$3,000 	18 million: on the Arabian Sea	Mumbai
6037	12/7/2010	Double Jeopardy!	TAINTED GOV	$1,600 	In 2010 a House committee charged this veteran Harlem congressman with ethics violations	(Charlie) Rangel
6037	12/7/2010	Double Jeopardy!	MEDICINE	$1,600 	(<a href="http://www.j-archive.com/media/2010-12-07_DJ_09.jpg" target="_blank">Dr. Oz presents the clue.</a>) By surgically interrupting the electrical impulses that are causing an abnormal rhythm, the maze procedure is designed to threat this type of heart arrhythmia abbreviated "A.F."	atrial fibrillation
6037	12/7/2010	Double Jeopardy!	4 CONSONANTS IN A ROW	$1,600 	Hard coal that burns with little flame	anthracite
6037	12/7/2010	Double Jeopardy!	PLAY HEROINES	$2,000 	Barbara Undershaft	Major Barbara
6037	12/7/2010	Double Jeopardy!	DEFENESTRATION IN CINEMA	$2,000 	In this Coen Brothers movie, Charles Durning jumps out a window during a board meeting	The Hudsucker Proxy
6037	12/7/2010	Double Jeopardy!	A MASSIVE "M"ETROPOLIS	$2,000 	3.2 million: 150 miles from Bogota	Medellin
6037	12/7/2010	Double Jeopardy!	TAINTED GOV	$2,000 	Elected to the Senate in 1930, he refused to resign as Louisiana's gov. until '32, when his handpicked crony got the gig	Huey Long
6037	12/7/2010	Double Jeopardy!	MEDICINE	$2,000 	The name of this branch of pediatrics that deals with newborn infants literally means "newborn study"	neonatal
6037	12/7/2010	Double Jeopardy!	4 CONSONANTS IN A ROW	$2,000 	This important mechanism is what you're turning when you wind a clock	the mainspring
6037	12/7/2010	Final Jeopardy!	FLAGS OF THE WORLD	None	In use from 1844 to 1905, a flag representing the union of these 2 countries was nicknamed the "herring salad"	Norway and Sweden
5243	5/30/2007	Jeopardy!	AMERICAN AUTHORS	$200 	While he was in Spain in 1959, he wrote "The Dangerous Summer", a story about rival bullfighters	Hemingway
5243	5/30/2007	Jeopardy!	BEGINNING & END	$200 	Like a door, a Broadway show does these 2 things	open & close
5243	5/30/2007	Jeopardy!	STATE SUPERLATIVES	$200 	A valley at 282 feet below sea level in this state is the lowest point in the Western Hemisphere	California
5243	5/30/2007	Jeopardy!	3 LITTLE LETTERS	$200 	Like banks, many grocery stores now have these for dispensing cash & taking deposits	ATMs
5243	5/30/2007	Jeopardy!	CALL OUT THE VOICE SQUAD	$200 	He was the voice of Mickey Mouse in "Steamboat Willie"	Walt Disney
5243	5/30/2007	Jeopardy!	YOU'RE UNDER A "REST"	$200 	Eastern European capital city of more than 2.2 million	Bucharest
5243	5/30/2007	Jeopardy!	AMERICAN AUTHORS	$400 	In 1884 she moved to Red Cloud, Nebraska & later fictionalized it as the town of Hanover in "O Pioneers!"	Willa Cather
5243	5/30/2007	Jeopardy!	BEGINNING & END	$3,000 	In 2006 it began on July 1 in Strasbourg & ended on July 23 in Paris	the Tour de France
5243	5/30/2007	Jeopardy!	STATE SUPERLATIVES	$400 	With 6,640 miles of coast, this state has the longest shoreline	Alaska
5243	5/30/2007	Jeopardy!	3 LITTLE LETTERS	$400 	(<a href="http://www.j-archive.com/media/2007-05-30_J_09.jpg" target="_blank">Cheryl of the Clue Crew reports from the Catalina Island Conservancy.</a>) Rampant use of this 3-letter insecticide lead to a hefty settlement for restorating the population of Catalina's <a href="http://www.j-archive.com/media/2007-05-30_J_09a.jpg" target="_blank">bald eagles</a>	DDT
5243	5/30/2007	Jeopardy!	CALL OUT THE VOICE SQUAD	$400 	(<a href="http://www.j-archive.com/media/2007-05-30_J_27.jpg" target="_blank">Hi, I'm Harry Shearer.</a>) Among my many "Simpsons" voices are the subservient Smithers & this man who lives next door to Homer--Howdy, neighbor	Ned Flanders
5243	5/30/2007	Jeopardy!	YOU'RE UNDER A "REST"	$400 	Any mountain's summit	crest
5243	5/30/2007	Jeopardy!	AMERICAN AUTHORS	$600 	(<a href="http://www.j-archive.com/media/2007-05-30_J_16.jpg" target="_blank">Alex reports from the Mark Twain House.</a>) Mark Twain said that this anti-slavery <a href="http://www.j-archive.com/media/2007-05-30_J_16a.jpg" target="_blank">novelist</a>, his next-door neighbor, liked to sneak up behind people and "fetch a war-whoop that would jump that person out of his clothes"	(Harriet Beecher) Stowe
5243	5/30/2007	Jeopardy!	BEGINNING & END	$600 	"From" this to this is an idiom meaning from the start of a meal (or something else) to the end	from soup to nuts
5243	5/30/2007	Jeopardy!	STATE SUPERLATIVES	$600 	It pumps more than one million barrels of oil a day, more than any other state	Texas
5243	5/30/2007	Jeopardy!	3 LITTLE LETTERS	$600 	"Day to Day" & "All Things Considered" are among the programs going out to its 26 million listeners	NPR
5243	5/30/2007	Jeopardy!	CALL OUT THE VOICE SQUAD	$600 	The voice of Daffy Duck (for the first 50 years)	Mel Blanc
5243	5/30/2007	Jeopardy!	YOU'RE UNDER A "REST"	$600 	A braced framework for carrying a railroad over a chasm	a trestle
5243	5/30/2007	Jeopardy!	AMERICAN AUTHORS	$800 	Under the name Laura Bancroft, he wrote about Twinkle & Chubbins in Nature Fairyland after taking us to Oz	L. Frank Baum
5243	5/30/2007	Jeopardy!	BEGINNING & END	$800 	These titles of the <a href="http://www.j-archive.com/media/2007-05-30_J_17.jpg" target="_blank">2 paintings</a> <a href="http://www.j-archive.com/media/2007-05-30_J_17a.jpg" target="_blank">seen here</a> represent the beginning & end of Jesus' life	"The Nativity" & "The Crucifixion"
5243	5/30/2007	Jeopardy!	STATE SUPERLATIVES	$800 	Considered the healthiest state in 2006, it's also home to the Mayo Clinic	Minnesota
5243	5/30/2007	Jeopardy!	3 LITTLE LETTERS	$800 	Its headquarters compound in Langley, Virginia is named for Former President George Bush	the CIA
5243	5/30/2007	Jeopardy!	CALL OUT THE VOICE SQUAD	$800 	He voiced Puss In Boots in "Shrek 2"	Antonio Banderas
5243	5/30/2007	Jeopardy!	YOU'RE UNDER A "REST"	$800 	Quickly! (to an Italian)	Presto
